{
  "port_name": "baton_rouge",
  "training_episodes": 10,
  "eval_episodes": 3,
  "training_history": {
    "episode_rewards": [
      -1493.7350000000001,
      -1596.8577777777778,
      -1563.230833333333,
      -1449.398333333333,
      -1542.0808333333334,
      -1484.6180555555554,
      -1365.4591666666665,
      -1473.3397222222222,
      -1501.597777777778,
      -1570.2266666666665
    ],
    "episode_lengths": [
      874,
      874,
      874,
      874,
      874,
      874,
      874,
      874,
      874,
      874
    ],
    "completion_rates": [
      0.32494279176201374,
      0.2986270022883295,
      0.30663615560640733,
      0.34668192219679633,
      0.32151029748283755,
      0.33981693363844395,
      0.35697940503432496,
      0.33867276887871856,
      0.32723112128146453,
      0.3100686498855835
    ],
    "avg_waiting_times": [
      38973.283752860414,
      40643.42562929062,
      40027.188787185354,
      38554.6647597254,
      40018.57894736842,
      38840.199084668195,
      37209.88329519451,
      38993.856979405035,
      39238.96224256293,
      40208.66247139588
    ],
    "berth_utilizations": [
      0.14303847254004576,
      0.15020737986270022,
      0.14638157894736842,
      0.14321724828375287,
      0.14788329519450802,
      0.14414688215102975,
      0.1356729118993135,
      0.1449871281464531,
      0.14377145308924486,
      0.14727545766590389
    ]
  },
  "eval_results": {
    "avg_reward": -234.1317592592592,
    "avg_completion_rate": 0.2703962703962704,
    "avg_waiting_time": 30240.9324009324,
    "avg_berth_utilization": 0.050699300699300696,
    "std_reward": 4.385967688958408,
    "std_completion_rate": 0.008721812090382149
  },
  "timestamp": "2025-08-07T01:14:58.084788"
}