{
  "port_name": "south_louisiana",
  "training_episodes": 15,
  "eval_episodes": 3,
  "training_history": {
    "episode_rewards": [
      -1045.3016666666665,
      -988.197222222222,
      -974.0241666666667,
      -1013.5291666666665,
      -1045.3075000000001,
      -954.4533333333334,
      -998.3463888888889,
      -1025.0783333333334,
      -1025.8494444444445,
      -1040.0352777777778,
      -925.4866666666668,
      -1035.8697222222222,
      -926.337222222222,
      -1042.112222222222,
      -1017.7399999999999
    ],
    "episode_lengths": [
      603,
      603,
      603,
      603,
      603,
      603,
      603,
      603,
      603,
      603,
      603,
      603,
      603,
      603,
      603
    ],
    "completion_rates": [
      0.42122719734660036,
      0.4461028192371476,
      0.44776119402985076,
      0.439469320066335,
      0.4262023217247098,
      0.45439469320066334,
      0.4427860696517413,
      0.43449419568822556,
      0.439469320066335,
      0.42122719734660036,
      0.45439469320066334,
      0.43283582089552236,
      0.4693200663349917,
      0.4295190713101161,
      0.43449419568822556
    ],
    "avg_waiting_times": [
      35969.05638474295,
      34514.64676616916,
      34215.40464344942,
      35353.482587064675,
      35844.41956882255,
      34430.41459369817,
      35124.2271973466,
      35240.2951907131,
      35148.494195688225,
      36147.47429519071,
      34054.23548922056,
      35641.135986733,
      33168.087893864016,
      35704.71475953566,
      35173.616915422885
    ],
    "berth_utilizations": [
      0.3692205638474295,
      0.35840796019900495,
      0.36305140961857374,
      0.3674958540630182,
      0.37320066334991703,
      0.3574792703150912,
      0.3670315091210613,
      0.3702819237147595,
      0.36815920398009944,
      0.3690215588723051,
      0.355290215588723,
      0.3718076285240464,
      0.3385737976782752,
      0.36968490878938637,
      0.36470978441127694
    ]
  },
  "eval_results": {
    "avg_reward": -306.6162037037037,
    "avg_completion_rate": 0.06504065040650407,
    "avg_waiting_time": 34024.5406504065,
    "avg_berth_utilization": 0.07235772357723577,
    "std_reward": 15.572020043899233,
    "std_completion_rate": 0.02830973227069943
  },
  "timestamp": "2025-08-07T11:12:46.651187"
}