{
  "episode_rewards": [
    -1045.3016666666665,
    -988.197222222222,
    -974.0241666666667,
    -1013.5291666666665,
    -1045.3075000000001,
    -954.4533333333334,
    -998.3463888888889,
    -1025.0783333333334,
    -1025.8494444444445,
    -1040.0352777777778
  ],
  "episode_lengths": [
    603,
    603,
    603,
    603,
    603,
    603,
    603,
    603,
    603,
    603
  ],
  "completion_rates": [
    0.42122719734660036,
    0.4461028192371476,
    0.44776119402985076,
    0.439469320066335,
    0.4262023217247098,
    0.45439469320066334,
    0.4427860696517413,
    0.43449419568822556,
    0.439469320066335,
    0.42122719734660036
  ],
  "avg_waiting_times": [
    35969.05638474295,
    34514.64676616916,
    34215.40464344942,
    35353.482587064675,
    35844.41956882255,
    34430.41459369817,
    35124.2271973466,
    35240.2951907131,
    35148.494195688225,
    36147.47429519071
  ],
  "berth_utilizations": [
    0.3692205638474295,
    0.35840796019900495,
    0.36305140961857374,
    0.3674958540630182,
    0.37320066334991703,
    0.3574792703150912,
    0.3670315091210613,
    0.3702819237147595,
    0.36815920398009944,
    0.3690215588723051
  ]
}