{
  "alpha_values": [
    0.0,
    0.1,
    0.2,
    0.30000000000000004,
    0.4,
    0.5,
    0.6000000000000001,
    0.7000000000000001,
    0.8,
    0.9,
    1.0,
    1.1,
    1.2000000000000002,
    1.3,
    1.4000000000000001,
    1.5,
    1.6,
    1.7000000000000002,
    1.8,
    1.9000000000000001,
    2.0,
    2.1,
    2.2,
    2.3000000000000003,
    2.4000000000000004,
    2.5,
    2.6,
    2.7,
    2.8000000000000003,
    2.9000000000000004,
    3.0
  ],
  "current_weights": {
    "gulfport": [
      0.25,
      0.22205747054497696,
      0.1966840783671559,
      0.17386941777364143,
      0.15353685327661976,
      0.1355596740755209,
      0.11977662581422516,
      0.1060057012844228,
      0.0940555965153784,
      0.08373465954002916,
      0.07485745169018718,
      0.06724921358591769,
      0.06074860458464296,
      0.05520909431435664,
      0.050499354240855415,
      0.04650294633141143,
      0.04311754874002869,
      0.04294524514022596,
      0.04289728200002465,
      0.04285700417530652,
      0.04282318528399429,
      0.042794793751286773,
      0.04277096202982496,
      0.04275096065049025,
      0.0427341763527676,
      0.04272009365870654,
      0.04270827935240637,
      0.042698369410090725,
      0.042690057996361545,
      0.04268308820198378,
      0.042677244249149995
    ],
    "baton_rouge": [
      0.25,
      0.2589758781139722,
      0.2670395771335847,
      0.2741954084413379,
      0.2804702846130598,
      0.28590815873007697,
      0.29056469332174933,
      0.29450253858447245,
      0.29778741943370396,
      0.30048508704832455,
      0.30265909094521154,
      0.3043692693100423,
      0.30567082975921156,
      0.30661388991591926,
      0.30724335814472936,
      0.3075990525449323,
      0.30771597608922885,
      0.3067649583326398,
      0.30574044612042117,
      0.3046803139518835,
      0.3035854460501875,
      0.30245667850417673,
      0.30129480916978957,
      0.3001006059077152,
      0.29887481341319433,
      0.2976181588551649,
      0.296331356508961,
      0.29501511153870325,
      0.2936701230616661,
      0.29229708660665904,
      0.29089669606129137
    ],
    "new_orleans": [
      0.25,
      0.2627639769391893,
      0.2749403228352887,
      0.28649593818237973,
      0.29742080611199095,
      0.30772389299275055,
      0.31742881079168,
      0.3265696650742481,
      0.3351873633024913,
      0.3433265249046624,
      0.3510330315015541,
      0.3583521857241718,
      0.3653274065240981,
      0.37199937103570013,
      0.3784055107469314,
      0.38457977679929667,
      0.39055260099640315,
      0.3952213661847037,
      0.3998473579463795,
      0.40447776788316214,
      0.40911196318200027,
      0.41374924874776053,
      0.418388876927959,
      0.42303005598577437,
      0.427671957494101,
      0.4323137227997133,
      0.4369544686859842,
      0.44159329234468114,
      0.44622927575183524,
      0.45086148952923927,
      0.4554889963615319
    ],
    "south_louisiana": [
      0.25,
      0.25620267440186145,
      0.26133602166397074,
      0.26543923560264104,
      0.26857205599832945,
      0.27080827420165166,
      0.27222987007234545,
      0.2729220950568567,
      0.27296962074842634,
      0.2724537285069838,
      0.27145042586304724,
      0.2700293313798682,
      0.2682531591320473,
      0.266177644734024,
      0.2638517768674839,
      0.26131822432435964,
      0.25861387417433923,
      0.25506843034243054,
      0.2515149139331747,
      0.24798491398964795,
      0.24447940548381783,
      0.24099927899677598,
      0.23754535187242645,
      0.23411837745602013,
      0.2307190527399371,
      0.2273480246864153,
      0.2240058954526486,
      0.22069322670652494,
      0.2174105431901372,
      0.2141583356621178,
      0.2109370633280266
    ]
  },
  "improved_weights": {
    "gulfport": [
      0.25,
      0.22747673285260558,
      0.20660008305853717,
      0.1873735387389446,
      0.16977113864188048,
      0.1537427934333701,
      0.13921963664123121,
      0.12611909472091973,
      0.11434946314088684,
      0.10381386477882512,
      0.09441354115732525,
      0.08605048331602458,
      0.07862944774538852,
      0.07205942603907456,
      0.06625464788647756,
      0.06113519899733732,
      0.05662733148929869,
      0.0526635366103851,
      0.049182440257980964,
      0.046128571894866126,
      0.043452047995173895,
      0.042962243415624136,
      0.04292148775141737,
      0.04288599818441731,
      0.042855094937437874,
      0.042828185858627986,
      0.04280475515168378,
      0.04278435354995655,
      0.04276658975073158,
      0.04275112294903244,
      0.042737656330556664
    ],
    "baton_rouge": [
      0.25,
      0.25853838091134956,
      0.2665918746934872,
      0.2741521718517821,
      0.2812208999303849,
      0.28780802993408544,
      0.2939302263016243,
      0.29960924649452736,
      0.3048704663581554,
      0.30974157900680643,
      0.31425149066963853,
      0.3184294179083491,
      0.32230417702703085,
      0.325903647807203,
      0.32925438903659704,
      0.33238138167788267,
      0.3353078760200604,
      0.33805532098947777,
      0.34064335635958687,
      0.34308985144590226,
      0.3454109767066135,
      0.34694457073769497,
      0.348317458534442,
      0.34969089149311455,
      0.3510650729073208,
      0.3524401774841658,
      0.35381635488611113,
      0.3551937328337056,
      0.3565724198231963,
      0.3579525075064965,
      0.3593340727752084
    ],
    "new_orleans": [
      0.25,
      0.2571067587352189,
      0.26363897098557193,
      0.2695981922648848,
      0.27499575823106304,
      0.27985094027579677,
      0.28418910904107064,
      0.2880400084946271,
      0.2914362097060541,
      0.29441178310535226,
      0.2970012030715246,
      0.2992384800277543,
      0.30115650260485255,
      0.30278656504443535,
      0.30415805174133503,
      0.30529825053699416,
      0.306232268058645,
      0.3069830232296415,
      0.3075712984360686,
      0.30801583129323723,
      0.3083334332378081,
      0.30794437585087575,
      0.30740906859150935,
      0.30687016496416225,
      0.30632790167726703,
      0.3057824860264643,
      0.3052340997353423,
      0.30468290229853434,
      0.3041290338911911,
      0.3035726179007152,
      0.3030137631295176
    ],
    "south_louisiana": [
      0.25,
      0.256878127500826,
      0.2631690712624037,
      0.26887609714438865,
      0.2740122031966716,
      0.27859823635674774,
      0.28266102801607396,
      0.28623165028992587,
      0.28934386079490365,
      0.2920327731090161,
      0.29433376510151177,
      0.29628161874787207,
      0.29790987262272806,
      0.29925036110928727,
      0.3003329113355905,
      0.3011851687877859,
      0.3018325244319958,
      0.3022981191704957,
      0.3026029049463636,
      0.3027657453659944,
      0.3028035420604045,
      0.30214880999580523,
      0.3013519851226313,
      0.30055294535830596,
      0.29975193047797427,
      0.29894915063074196,
      0.2981447902268627,
      0.29733901131780355,
      0.2965319565348809,
      0.2957237516437559,
      0.2949145077647174
    ]
  },