{
  "port_name": "gulfport",
  "training_episodes": 20,
  "eval_episodes": 5,
  "training_history": {
    "episode_rewards": [
      11.314166666666704,
      -20.855555555555608,
      -32.77694444444447,
      -63.18361111111119,
      -24.96333333333332,
      38.19222222222221,
      -62.38111111111116,
      13.785000000000036,
      -59.19027777777785,
      -11.09583333333332,
      19.412499999999937,
      -50.580555555555605,
      -36.07972222222228,
      -9.039444444444406,
      -11.285833333333283,
      -31.801666666666716,
      -18.528888888888854,
      -0.2847222222221819,
      -32.46583333333336,
      -45.97388888888894
    ],
    "episode_lengths": [
      162,
      162,
      162,
      162,
      162,
      162,
      162,
      162,
      162,
      162,
      162,
      162,
      162,
      162,
      162,
      162,
      162,
      162,
      162,
      162
    ],
    "completion_rates": [
      0.9506172839506173,
      0.9629629629629629,
      0.9444444444444444,
      0.9506172839506173,
      0.9567901234567902,
      0.9567901234567902,
      0.9320987654320988,
      0.9506172839506173,
      0.9320987654320988,
      0.9444444444444444,
      0.9567901234567902,
      0.9382716049382716,
      0.9629629629629629,
      0.9320987654320988,
      0.9567901234567902,
      0.9567901234567902,
      0.9506172839506173,
      0.9567901234567902,
      0.9382716049382716,
      0.9382716049382716
    ],
    "avg_waiting_times": [
      11051.413580246914,
      14490.314814814816,
      13407.722222222223,
      14716.685185185184,
      14430.030864197532,
      8555.54938271605,
      15869.932098765432,
      11035.777777777777,
      16511.864197530864,
      12911.160493827161,
      10920.302469135802,
      16459.493827160495,
      15857.092592592593,
      12073.969135802468,
      12004.592592592593,
      13128.827160493827,
      11948.913580246914,
      12766.469135802468,
      13651.135802469136,
      13980.54938271605
    ],
    "berth_utilizations": [
      0.5506172839506173,
      0.512962962962963,
      0.508641975308642,
      0.5753086419753086,
      0.538888888888889,
      0.45432098765432094,
      0.5487654320987655,
      0.4549382716049382,
      0.5481481481481483,
      0.5425925925925926,
      0.5216049382716049,
      0.5351851851851852,
      0.5574074074074075,
      0.5024691358024692,
      0.5277777777777778,
      0.567283950617284,
      0.5283950617283949,
      0.5370370370370371,
      0.4975308641975309,
      0.532716049382716
    ]
  },
  "eval_results": {
    "avg_reward": -71.56444444444443,
    "avg_completion_rate": 0.29545454545454547,
    "avg_waiting_time": 18070.15454545455,
    "avg_berth_utilization": 0.10909090909090906,
    "std_reward": 3.596610458490528,
    "std_completion_rate": 0.02032789070454355
  },
  "timestamp": "2025-08-07T01:09:56.690144"
}