{
  "test_date": "2025-08-07T17:34:03.429420",
  "test_samples": 200,
  "random_seed": 42,
  "ports": {
    "baton_rouge": {
      "port_name": "baton_rouge",
      "stages": {
        "基础阶段": {
          "stage_name": "基础阶段",
          "win_rate": 0.4696969696969697,
          "win_rate_std": 0.024742320634173517,
          "threshold": 0.51,
          "success": false,
          "stable": true,
          "individual_runs": [
            0.4393939393939394,
            0.5,
            0.4696969696969697
          ],
          "test_samples": 200
        },
        "中级阶段": {
          "stage_name": "中级阶段",
          "win_rate": 0.494949494949495,
          "win_rate_std": 0.04999744917480638,
          "threshold": 0.55,
          "success": false,
          "stable": false,
          "individual_runs": [
            0.5303030303030303,
            0.5303030303030303,
            0.42424242424242425
          ],
          "test_samples": 200
        },
        "高级阶段": {
          "stage_name": "高级阶段",
          "win_rate": 0.5050505050505051,
          "win_rate_std": 0.03779451905832263,
          "threshold": 0.4,
          "success": true,
          "stable": false,
          "individual_runs": [
            0.5151515151515151,
            0.5454545454545454,
            0.45454545454545453
          ],
          "test_samples": 200
        }
      },
      "overall_success": false
    },
    "new_orleans": {
      "port_name": "new_orleans",
      "stages": {
        "基础阶段": {
          "stage_name": "基础阶段",
          "win_rate": 0.5,
          "win_rate_std": 0.012371160317086747,
          "threshold": 0.35,
          "success": true,
          "stable": true,
          "individual_runs": [
            0.5,
            0.5151515151515151,
            0.48484848484848486
          ],
          "test_samples": 200
        },
        "初级阶段": {
          "stage_name": "初级阶段",
          "win_rate": 0.5202020202020202,
          "win_rate_std": 0.06226680811079776,
          "threshold": 0.47,
          "success": true,
          "stable": false,
          "individual_runs": [
            0.4393939393939394,
            0.5303030303030303,
            0.5909090909090909
          ],
          "test_samples": 200
        },
        "中级阶段": {
          "stage_name": "中级阶段",
          "win_rate": 0.4898989898989899,
          "win_rate_std": 0.0188972595291613,
          "threshold": 0.5,
          "success": false,
          "stable": true,
          "individual_runs": [
            0.48484848484848486,
            0.5151515151515151,
            0.4696969696969697
          ],
          "test_samples": 200
        },
        "高级阶段": {
          "stage_name": "高级阶段",
          "win_rate": 0.4898989898989899,
          "win_rate_std": 0.061025484715124124,
          "threshold": 0.4,
          "success": true,
          "stable": false,
          "individual_runs": [
            0.45454545454545453,
            0.5757575757575758,
            0.4393939393939394
          ],
          "test_samples": 200
        },
        "专家阶段": {
          "stage_name": "专家阶段",
          "win_rate": 0.5858585858585857,
          "win_rate_std": 0.06813503819814161,
          "threshold": 0.3,
          "success": true,
          "stable": false,
          "individual_runs": [
            0.5,
            0.6666666666666666,
            0.5909090909090909
          ],
          "test_samples": 200
        }
      },
      "overall_success": false
    },
    "south_louisiana": {
      "port_name": "south_louisiana",
      "stages": {
        "基础阶段": {
          "stage_name": "基础阶段",
          "win_rate": 0.4696969696969697,
          "win_rate_std": 0.024742320634173517,
          "threshold": 0.51,
          "success": false,
          "stable": true,
          "individual_runs": [
            0.4393939393939394,
            0.5,
            0.4696969696969697
          ],
          "test_samples": 200
        },
        "中级阶段": {
          "stage_name": "中级阶段",
          "win_rate": 0.494949494949495,
          "win_rate_std": 0.04999744917480638,
          "threshold": 0.55,
          "success": false,
          "stable": false,
          "individual_runs": [
            0.5303030303030303,
            0.5303030303030303,
            0.42424242424242425
          ],
          "test_samples": 200
        },
        "高级阶段": {
          "stage_name": "高级阶段",
          "win_rate": 0.5050505050505051,
          "win_rate_std": 0.03779451905832263,
          "threshold": 0.4,
          "success": true,
          "stable": false,
          "individual_runs": [
            0.5151515151515151,
            0.5454545454545454,
            0.45454545454545453
          ],
          "test_samples": 200
        }
      },
      "overall_success": false
    },
    "gulfport": {
      "port_name": "gulfport",
      "stages": {
        "标准阶段": {
          "stage_name": "标准阶段",
          "win_rate": 0.47979797979797983,
          "win_rate_std": 0.031133404055398866,
          "threshold": 0.55,
          "success": false,
          "stable": false,
          "individual_runs": [
            0.5151515151515151,
            0.48484848484848486,
            0.4393939393939394
          ],
          "test_samples": 200
        },
        "完整阶段": {
          "stage_name": "完整阶段",
          "win_rate": 0.5050505050505051,
          "win_rate_std": 0.03779451905832263,
          "threshold": 0.43,
          "success": true,
          "stable": false,
          "individual_runs": [
            0.5151515151515151,
            0.5454545454545454,
            0.45454545454545453
          ],
          "test_samples": 200
        }
      },
      "overall_success": false
    }
  }
}