{
  "initial_performance": {
    "avg_reward": 19.44568269329593,
    "baseline_avg_reward": 20.485149884516296,
    "completion_rate": 0.38,
    "success": false,
    "reward_threshold": 18.02823128822138,
    "win_rate": 0.38,
    "std": 0.08760707733967614,
    "stable": false,
    "n_samples": 200
  },
  "episodes": [
    {
      "episode": 5,
      "win_rate": 0.49,
      "improvement": 0.10999999999999999,
      "metrics": {
        "avg_reward": -0.00901661105453968,
        "policy_loss": 0.0,
        "value_loss": 0.0,
        "entropy": 0.0
      },
      "performance": {
        "avg_reward": 22.212973706500954,
        "baseline_avg_reward": 20.697787434367413,
        "completion_rate": 0.49,
        "success": true,
        "reward_threshold": 18.02747236494811,
        "win_rate": 0.49,
        "std": 0.09797958971132711,
        "stable": false,
        "n_samples": 100
      }
    }
  ],
  "best_performance": {
    "avg_reward": 22.212973706500954,
    "baseline_avg_reward": 20.697787434367413,
    "completion_rate": 0.49,
    "success": true,
    "reward_threshold": 18.02747236494811,
    "win_rate": 0.49,
    "std": 0.09797958971132711,
    "stable": false,
    "n_samples": 100
  },
  "best_episode": 5,
  "final_performance": {
    "avg_reward": 19.314708495288766,
    "baseline_avg_reward": 20.600918874876243,
    "completion_rate": 0.38,
    "success": false,
    "reward_threshold": 18.184069086525984,
    "win_rate": 0.38,
    "std": 0.13143439428094916,
    "stable": false,
    "n_samples": 200
  },
  "total_episodes": 5,
  "target_achieved": false
}