{
  "initial_performance": {
    "avg_reward": 20.040984974676256,
    "baseline_avg_reward": 21.89859662055984,
    "completion_rate": 0.41,
    "success": false,
    "reward_threshold": 18.027182218750475,
    "win_rate": 0.41,
    "std": 0.04974937185533098,
    "stable": false,
    "n_samples": 200
  },
  "episodes": [
    {
      "episode": 5,
      "win_rate": 0.51,
      "improvement": 0.10000000000000003,
      "metrics": {
        "avg_reward": 18.095299536909593,
        "updates": 4,
        "loss": 8356.998962402344,
        "steps": 50
      },
      "performance": {
        "avg_reward": 22.80681015528507,
        "baseline_avg_reward": 21.393236937645387,
        "completion_rate": 0.51,
        "success": true,
        "reward_threshold": 18.31035461906848,
        "win_rate": 0.51,
        "std": 0.01732050807568879,
        "stable": true,
        "n_samples": 100
      }
    }
  ],
  "best_performance": {
    "avg_reward": 22.80681015528507,
    "baseline_avg_reward": 21.393236937645387,
    "completion_rate": 0.51,
    "success": true,
    "reward_threshold": 18.31035461906848,
    "win_rate": 0.51,
    "std": 0.01732050807568879,
    "stable": true,
    "n_samples": 100
  },
  "best_episode": 5,
  "final_performance": {
    "avg_reward": 20.040984974676256,
    "baseline_avg_reward": 21.70296494493521,
    "completion_rate": 0.405,
    "success": false,
    "reward_threshold": 39.1679078734061,
    "win_rate": 0.405,
    "std": 0.041231056256176596,
    "stable": false,
    "n_samples": 200
  },
  "total_episodes": 5,
  "target_achieved": false
}