{
  "port_name": "new_orleans",
  "training_episodes": 15,
  "eval_episodes": 3,
  "training_history": {
    "episode_rewards": [
      -3270.0705555555555,
      -3264.9891666666663,
      -3258.5827777777777,
      -3278.463333333333,
      -3195.948611111111,
      -3221.0266666666666,
      -3216.8525,
      -3279.669722222222,
      -3316.4030555555555,
      -3314.713333333333,
      -3326.268611111111,
      -3294.8952777777777,
      -3230.474722222222,
      -3190.4780555555553,
      -3282.85
    ],
    "episode_lengths": [
      1723,
      1723,
      1723,
      1723,
      1723,
      1723,
      1723,
      1723,
      1723,
      1723,
      1723,
      1723,
      1723,
      1723,
      1723
    ],
    "completion_rates": [
      0.14625652930934416,
      0.1433546140452699,
      0.14509576320371445,
      0.1404526987811956,
      0.1543818920487522,
      0.14915844457341845,
      0.15089959373186304,
      0.1404526987811956,
      0.13406848520023215,
      0.1334881021474173,
      0.1317469529889727,
      0.13697040046430645,
      0.15206035983749275,
      0.1555426581543819,
      0.1404526987811956
    ],
    "avg_waiting_times": [
      42435.34881021474,
      42609.670342426,
      42560.3505513639,
      42858.51654091701,
      42223.69355774811,
      42143.26987811956,
      42201.79628554846,
      42892.00580383053,
      42981.16308763784,
      43063.460243760885,
      43111.54381892049,
      42934.26755658735,
      42246.77248984329,
      42105.396401625076,
      42588.145095763204
    ],
    "berth_utilizations": [
      0.2423244341265235,
      0.2422809053975624,
      0.24194718514219385,
      0.2434416715031921,
      0.23945153801508998,
      0.2383778293673825,
      0.23845037724898435,
      0.24365931514799768,
      0.2452843876958793,
      0.24550203134068485,
      0.24643064422518865,
      0.2441091120139292,
      0.2413087637840975,
      0.24116366802089378,
      0.2427887405687754
    ]
  },
  "eval_results": {
    "avg_reward": -960.7622222222222,
    "avg_completion_rate": 0.013689253935660506,
    "avg_waiting_time": 39381.13552361396,
    "avg_berth_utilization": 0.02511978097193703,
    "std_reward": 5.608921464952023,
    "std_completion_rate": 0.003490088647222987
  },
  "timestamp": "2025-08-07T11:11:31.116277"
}